id,token,df,tf
0,5,4217,5455
1,of,1946,5550
2,in,1931,4128
3,2004,1921,2165
4,on,1886,2249
5,and,1736,4045
6,software,1648,2657
7,the,1455,7355
8,a,1358,3450
9,4,1235,1807
10,engineering,1227,1334
11,1,1159,5086
12,for,1042,1946
13,may,1010,1079
14,to,980,3043
15,3,936,2841
16,10,910,2384
17,2,891,1599
18,is,873,1986
19,with,867,1126
20,conference,767,808
21,7,764,3577
22,6,725,2315
23,this,688,1015
24,international,659,710
25,at,657,699
26,0,621,1146
27,http,581,675
28,572,579,579
29,pages,572,617
30,563,567,567
31,mining,564,664
32,cid,563,32103
33,changes,556,836
34,analysis,549,618
35,as,525,985
36,26,520,1310
37,pp,514,553
38,proc,513,540
39,code,484,963
40,acm,480,607
41,source,476,757
42,s,464,553
43,that,456,1123
44,8,445,1685
45,are,445,904
46,we,431,1176
47,90,427,428
48,c,426,536
49,development,418,493
50,23,409,1240
51,version,405,450
52,p,399,491
53,05,397,422
54,15,393,678
55,org,392,404
56,repositories,391,473
57,new,388,414
58,an,383,545
59,workshop,376,399
60,16,374,933
61,added,374,393
62,d,371,445
63,or,370,731
64,50,368,376
65,19,367,606
66,available,364,382
67,9,362,2309
68,be,359,667
69,icse,356,358
70,by,354,514
71,proceedings,339,388
72,data,335,633
73,other,334,396
74,deletedlinuxvsftpdapacheopensshbind,334,334
75,12,329,801
76,which,325,414
77,process,325,403
78,online,322,326
79,t,321,502
80,conf,319,331
81,usa,319,324
82,fields,318,322
83,22,317,544
84,from,315,497
85,guide,315,315
86,www,314,329
87,frequency,308,321
88,04,308,312
89,our,305,460
90,30,304,344
91,26th,304,304
92,number,301,632
93,comments,299,371
94,information,296,451
95,can,294,477
96,e,292,403
97,system,292,387
98,20,290,352
99,not,286,439
100,level,284,314
101,msr,283,329
102,histories,283,295
103,york,281,285
104,11,280,721
105,scotland,280,283
106,paper,271,280
107,11th,264,264
108,based,263,287
109,have,258,399
110,edinburgh,258,261
111,7relative,258,258
112,it,256,395
113,2005,249,280
114,80,248,265
115,70,247,411
116,60,246,646
117,high,239,269
118,such,229,337
119,28,229,269
120,2002,228,400
121,program,228,289
122,without,225,227
123,13,223,1586
124,name,222,302
125,ne,220,226
126,tool,219,316
127,systems,219,240
128,these,218,298
129,change,217,584
130,edu,214,300
131,cvs,213,294
132,40,213,220
133,usually,213,217
134,21,212,297
135,1999,212,213
136,evolution,211,279
137,knowledge,210,222
138,while,210,216
139,revisions,209,265
140,approach,209,241
141,java,206,373
142,re,206,218
143,14,204,551
144,99,204,212
145,h,202,233
146,127,202,207
147,october,202,205
148,press,199,202
149,one,197,264
150,prefix,196,196
151,june,195,196
152,1976,195,195
153,texas,195,195
154,ma,194,195
155,females,193,235
156,r,192,243
157,winehq,192,192
158,31,191,254
159,481,191,191
160,grade,190,283
161,124242242242,190,190
162,bc,190,190
163,project,189,383
164,mit,188,188
165,17,187,402
166,472,187,187
167,january,187,187
168,houston,186,186
169,boston,185,186
170,1995,183,184
171,wesley,182,183
172,2916008,182,182
173,alloy,181,347
174,programming,181,211
175,verlag,180,180
176,all,179,233
177,earlier,179,182
178,de,178,224
179,provided,177,178
180,prefixresults,177,177
181,tokens,176,342
182,paris,175,175
183,1145,174,177
184,addison,174,175
185,2915970,174,174
186,expo,174,174
187,vancouver,174,174
188,zeller,173,174
189,25,172,392
190,reverse,172,200
191,speech,172,181
192,apsec,171,172
193,springer,171,171
194,hawaii,170,275
195,applications,170,173
196,used,169,212
197,countries,169,169
198,case,166,187
199,work,165,228
200,variable,165,178
201,working,165,168
202,iwpc,165,165
203,wine,163,164
204,kingdom,163,163
205,j,162,193
206,tor,162,163
207,environmental,162,162
208,doi,161,169
209,signi,160,169
210,languages,160,164
211,how,158,213
212,each,157,247
213,use,157,189
214,control,157,174
215,hicss,157,157
216,renaming,157,157
217,has,156,210
218,united,156,156
219,though,155,158
220,energy,155,155
221,int,153,167
222,comprehension,153,154
223,predic,153,153
224,spain,153,153
225,valuable,153,153
226,more,152,200
227,cant,152,160
228,weak,152,154
229,sciences,152,153
230,was,151,214
231,their,151,192
232,prediction,150,154
233,study,149,197
234,line,149,182
235,linear,148,152
236,if,147,216
237,also,147,180
238,plus,147,147
239,projects,146,297
240,no,146,154
241,germany,145,147
242,symposium,145,147
243,two,144,198
244,uk,143,146
245,between,142,212
246,g,142,191
247,accuracy,141,237
248,cccccgggggaaaaavvvvvresults,141,141
249,they,140,203
250,1st,140,143
251,24,139,294
252,results,139,205
253,using,139,167
254,example,138,211
255,modelling,138,138
256,type,137,231
257,some,137,196
258,lightweight,137,137
259,family,136,144
260,paci,136,137
261,time,135,217
262,product,135,156
263,129,134,397
264,extraction,132,135
265,asia,131,132
266,jr,131,131
267,viewers,131,131
268,maintenance,129,146
269,cannot,129,132
270,many,127,159
271,oriented,127,128
272,gray,127,127
273,figure,126,201
274,open,126,186
275,only,126,158
276,57,126,142
277,intl,125,128
278,diehl,125,125
279,icse'04,125,125
280,support,124,133
281,male,124,124
282,m,122,194
283,but,122,147
284,statistically,122,126
285,grained,122,123
286,deal,120,120
287,same,119,157
288,when,118,161
289,n,117,172
290,instance,117,133
291,object,116,118
292,anonymous,116,116
293,coverage,115,143
294,italy,115,117
295,27,114,202
296,about,113,150
297,non,113,116
298,2016,112,123
299,zimmermann,112,112
300,than,111,135
301,computers,110,110
302,been,109,162
303,markel,108,108
304,practice,106,110
305,another,104,114
306,community,104,114
307,function,103,245
308,research,103,148
309,were,103,147
310,repository,102,133
311,1998,102,102
312,table,101,180
313,there,101,135
314,w,101,122
315,38th,101,101
316,micromodels,101,101
317,bug,100,202
318,developers,100,190
319,di,100,157
320,its,100,134
321,ny,99,104
322,lindig,98,98
323,andrea,96,96
324,javadoc,95,97
325,asme,95,95
326,studying,94,94
327,will,92,125
328,cge,92,92
329,because,91,108
330,architectural,91,91
331,related,90,148
332,net,90,102
333,mutual,90,99
334,engineers,90,90
335,found,89,110
336,collaboration,89,97
337,i,88,145
338,into,88,104
339,christian,88,88
340,over,87,111
341,history,86,114
342,19th,86,86
343,questions,85,175
344,them,85,97
345,miryung,85,85
346,preprocessing,85,85
347,then,84,100
348,large,84,97
349,cs,84,91
350,tools,82,153
351,do,82,111
352,2003,82,109
353,ed,81,103
354,ing,81,83
355,yang,81,83
356,f,80,150
357,y,80,108
358,509,80,80
359,versions,79,123
360,developer,78,124
361,often,78,96
362,both,78,92
363,need,78,91
364,improvement,78,90
365,most,78,88
366,bugs,78,85
367,homes,78,78
368,well,77,95
369,ser,76,88
370,ease,76,77
371,lai,76,76
372,ze,76,76
373,section,75,125
374,sourceforge,75,99
375,however,75,83
376,part,75,82
377,grant,75,75
378,rst,74,84
379,identify,74,83
380,l,73,95
381,society,73,74
382,mechanical,73,73
383,set,72,104
384,very,72,81
385,easy,72,73
386,x,71,189
387,references,71,73
388,what,70,96
389,speci,70,87
390,any,70,80
391,help,70,79
392,method,69,107
393,different,69,100
394,where,69,79
395,weiss,69,71
396,framework,68,78
397,weisgerber,68,68
398,database,66,90
399,al,66,82
400,would,66,81
401,so,66,78
402,companion,66,67
403,id,66,66
404,functions,65,144
405,literature,65,94
406,future,65,82
407,nd,65,75
408,3we,65,65
409,identi,64,110
410,types,64,94
411,given,64,77
412,provide,64,77
413,see,64,68
414,integrated,64,65
415,washington,64,65
416,supporting,62,62
417,les,61,87
418,out,61,74
419,words,61,74
420,top,61,65
421,le,60,92
422,common,60,85
423,total,60,84
424,particular,60,69
425,feature,59,73
426,shows,59,73
427,even,59,72
428,could,59,68
429,thus,59,65
430,patterns,58,121
431,b,58,108
432,after,58,95
433,erent,58,86
434,changed,58,85
435,similar,58,84
436,should,58,77
437,since,58,71
438,make,58,67
439,like,58,64
440,made,58,59
441,18,57,108
442,report,57,81
443,three,57,70
444,does,57,67
445,con,56,74
446,who,56,69
447,pro,56,58
448,gerber,56,56
449,jections,56,56
450,lines,55,88
451,researchers,55,69
452,first,55,63
453,order,55,62
454,applied,55,60
455,american,55,55
456,keywords,54,124
457,methods,54,88
458,computer,54,72
459,k,53,87
460,predictor,53,54
461,29,52,105
462,lists,52,55
463,q,51,88
464,graph,51,84
465,us,51,59
466,empirical,51,56
467,reviews,50,71
468,wei,50,50
469,although,49,56
470,grey,49,49
471,modi,48,72
472,understanding,48,70
473,addition,48,67
474,through,48,57
475,tion,48,53
476,bi,48,48
477,task,47,153
478,class,47,85
479,structure,47,63
480,distributed,47,55
481,important,47,54
482,scoring,47,47
483,global,46,70
484,group,46,66
485,quality,46,62
486,artifacts,46,61
487,apache,46,58
488,techniques,46,49
489,several,46,47
490,279coverage,46,46
491,forschungsgemeinschaft,46,46
492,eclipse,45,80
493,model,45,69
494,during,45,52
495,ex,45,50
496,those,45,49
497,finding,45,45
498,general,45,45
499,concept,44,136
500,refactoring,44,69
501,file,44,66
502,com,44,63
503,cases,44,53
504,able,44,47
505,provides,44,47
506,godfrey,44,44
507,ers,43,78
508,linux,43,69
509,et,43,59
510,syntactic,43,58
511,user,43,51
512,abstract,43,50
513,design,43,50
514,problem,43,48
515,small,43,48
516,up,43,45
517,among,42,54
518,result,42,53
519,single,42,53
520,university,42,53
521,etc,42,51
522,written,42,51
523,must,42,50
524,possible,42,49
525,es,42,43
526,requires,42,43
527,o,41,80
528,further,41,45
529,terms,41,45
530,multiple,41,44
531,er,41,43
532,metrics,40,60
533,social,40,57
534,shown,40,46
535,present,40,44
536,comment,39,98
537,programmers,39,64
538,selected,39,60
539,cation,39,55
540,distribution,39,47
541,notice,39,40
542,prior,39,40
543,therefore,39,40
544,ware,39,40
545,full,39,39
546,revision,38,116
547,ieee,38,60
548,science,38,50
549,automatically,38,41
550,copy,38,41
551,second,38,40
552,including,38,38
553,page,38,38
554,clone,37,126
555,classes,37,90
556,pattern,37,89
557,language,37,62
558,analyses,37,58
559,describe,37,48
560,low,37,48
561,per,37,47
562,interesting,37,42
563,extracted,37,41
564,pugh,37,38
565,determine,37,37
566,deutsche,37,37
567,ng,37,37
568,weigerber,37,37
569,kinds,36,57
570,transactions,36,56
571,variables,36,51
572,sources,36,49
573,means,36,44
574,00,36,43
575,tracking,36,42
576,described,36,39
577,problems,36,39
578,previous,36,38
579,post,36,36
580,students,35,83
581,called,35,61
582,coupling,35,57
583,size,35,53
584,approaches,35,50
585,question,35,48
586,less,35,47
587,answer,35,45
588,kind,35,44
589,across,35,39
590,relationships,35,37
591,advantage,35,35
592,77,34,77
593,student,34,71
594,release,34,62
595,features,34,59
596,requirements,34,56
597,programs,34,54
598,include,34,47
599,log,34,47
600,value,34,45
601,text,34,43
602,parts,34,42
603,useful,34,41
604,being,34,38
605,hard,34,38
606,web,34,38
607,within,34,37
608,relevant,34,36
609,67,33,181
610,systematic,33,59
611,team,33,46
612,human,33,44
613,impact,33,44
614,management,33,44
615,key,33,41
616,times,33,41
617,categories,33,40
618,current,33,39
619,better,33,38
620,whether,33,37
621,copyright,33,33
622,tu,33,33
623,names,32,49
624,semantic,32,49
625,modules,32,47
626,100,32,43
627,nal,32,42
628,reported,32,40
629,course,32,39
630,existing,32,38
631,following,32,37
632,show,32,36
633,victoria,32,34
634,contain,32,33
635,0005,32,32
636,123,32,32
637,conceptual,32,32
638,introduction,32,32
639,63,31,105
640,did,31,43
641,count,31,41
642,later,31,38
643,every,31,37
644,uses,31,37
645,kenyon,31,36
646,easily,31,34
647,above,31,33
648,way,31,33
649,supported,31,32
650,understand,31,32
651,59593,31,31
652,otherwise,31,31
653,56,30,223
654,fee,30,53
655,permission,30,52
656,entities,30,51
657,matching,30,46
658,deletion,30,45
659,activities,30,39
660,heuristics,30,38
661,had,30,37
662,access,30,35
663,together,30,35
664,studies,30,34
665,experience,30,32
666,main,30,32
667,proposed,30,32
668,allows,30,31
669,rather,30,31
670,propose,30,30
671,servers,30,30
672,75,29,230
673,copies,29,77
674,effort,29,54
675,unique,29,50
676,call,29,48
677,files,29,41
678,he,29,35
679,various,29,31
680,develop,29,30
681,goal,29,30
682,improve,29,30
683,long,29,29
684,clones,28,123
685,59,28,97
686,61,28,42
687,generated,28,40
688,algorithm,28,39
689,dependencies,28,39
690,historical,28,34
691,indicates,28,34
692,apply,28,33
693,once,28,32
694,application,28,31
695,fact,28,31
696,list,28,31
697,characteristics,28,30
698,consider,28,29
699,country,28,29
700,implementation,28,28
701,pc,28,28
702,redistribute,28,28
703,idf,27,135
704,author,27,73
705,couplings,27,44
706,term,27,44
707,local,27,41
708,test,27,40
709,users,27,40
710,2001,27,37
711,before,27,34
712,contains,27,34
713,stored,27,33
714,presented,27,32
715,four,27,30
716,next,27,30
717,analyze,27,29
718,get,27,28
719,gives,27,28
720,louis,27,28
721,bear,27,27
722,citation,27,27
723,focus,27,27
724,personal,27,27
725,64,26,215
726,ast,26,53
727,72,26,42
728,module,26,40
729,around,26,38
730,specific,26,37
731,collaborative,26,34
732,output,26,31
733,quantitative,26,31
734,technique,26,31
735,relationship,26,30
736,ac,26,29
737,bene,26,29
738,developed,26,29
739,ned,26,29
740,values,26,29
741,least,26,28
742,mentioned,26,28
743,detection,26,27
744,require,26,27
745,conclusions,26,26
746,done,26,26
747,funded,26,26
748,html,26,26
749,republish,26,26
750,69,25,221
751,73,25,159
752,76,25,92
753,floss,25,64
754,71,25,54
755,network,25,52
756,pair,25,50
757,pairs,25,48
758,v,25,40
759,additions,25,39
760,grades,25,38
761,real,25,36
762,32,25,33
763,detect,25,31
764,original,25,31
765,point,25,30
766,created,25,29
767,testing,25,29
768,currently,25,28
769,past,25,28
770,add,25,27
771,observed,25,27
772,analyzing,25,26
773,missouri,25,26
774,potential,25,26
775,processing,25,26
776,applying,25,25
777,commercial,25,25
778,directly,25,25
779,74,24,226
780,signature,24,111
781,68,24,73
782,networks,24,48
783,similarity,24,48
784,variants,24,45
785,communication,24,40
786,deletions,24,40
787,query,24,40
788,kernel,24,34
789,last,24,33
790,performance,24,33
791,logical,24,32
792,might,24,31
793,evidence,24,30
794,measurement,24,30
795,needs,24,30
796,collected,24,29
797,collection,24,29
798,complete,24,29
799,follows,24,27
800,produced,24,27
801,associated,24,26
802,via,24,26
803,few,24,25
804,higher,24,25
805,providing,24,25
806,under,24,25
807,believe,24,24
808,certain,24,24
809,classroom,24,24
810,granted,24,24
811,much,24,24
812,strong,24,24
813,58,23,129
814,instances,23,50
815,ap,23,49
816,entity,23,40
817,78,23,37
818,match,23,37
819,syntax,23,37
820,nodes,23,34
821,static,23,34
822,pre,23,33
823,authors,23,31
824,search,23,31
825,email,23,30
826,groups,23,29
827,collect,23,28
828,36,23,27
829,measures,23,27
830,changing,23,26
831,description,23,26
832,nding,23,26
833,relatively,23,26
834,cause,23,25
835,interested,23,25
836,involved,23,25
837,measure,23,25
838,reason,23,25
839,amount,23,24
840,designed,23,24
841,form,23,24
842,ways,23,24
843,digital,23,23
844,finders,23,23
845,ment,23,23
846,parameter,22,81
847,inducing,22,70
848,links,22,44
849,complex,22,40
850,mozilla,22,35
851,third,22,34
852,node,22,31
853,identifying,22,28
854,refactorings,22,28
855,cult,22,26
856,members,22,26
857,levels,22,25
858,locate,22,25
859,performed,22,25
860,respect,22,25
861,considered,22,24
862,avoid,22,23
863,detailed,22,23
864,perform,22,23
865,still,22,23
866,wodsdtotal,22,22
867,cktf,21,81
868,ossmole,21,65
869,tf,21,55
870,62,21,49
871,bugzilla,21,44
872,xes,21,42
873,context,21,31
874,average,21,29
875,error,21,29
876,summary,21,29
877,want,21,27
878,discussed,21,26
879,2000,21,25
880,dynamic,21,25
881,scale,21,25
882,teams,21,25
883,analyzed,21,24
884,automated,21,24
885,reports,21,24
886,allow,21,23
887,examples,21,23
888,far,21,23
889,his,21,23
890,presents,21,23
891,sets,21,23
892,track,21,23
893,likely,21,22
894,rich,21,22
895,saint,21,22
896,simple,21,22
897,soft,21,22
898,suggest,21,22
899,tions,21,22
900,body,21,21
901,here,21,21
902,agile,20,69
903,identities,20,57
904,edge,20,34
905,six,20,34
906,return,20,32
907,se,20,31
908,visualization,20,30
909,keyword,20,27
910,elements,20,25
911,good,20,24
912,openssh,20,24
913,dif,20,23
914,diff,20,23
915,identified,20,23
916,know,20,23
917,finally,20,22
918,learning,20,22
919,mine,20,22
920,produce,20,21
921,ts,20,21
922,additional,20,20
923,already,20,20
924,always,20,20
925,below,20,20
926,hovemeyer,20,20
927,introduced,20,20
928,preliminary,20,20
929,variety,20,20
930,rules,19,53
931,smells,19,44
932,recall,19,41
933,genealogy,19,37
934,udos,19,33
935,link,19,30
936,space,19,28
937,tasks,19,28
938,66,19,27
939,attributes,19,26
940,gall,19,26
941,statement,19,26
942,indicate,19,25
943,address,19,24
944,logs,19,24
945,mailing,19,24
946,aspects,19,23
947,old,19,23
948,ask,19,22
949,check,19,21
950,store,19,21
951,ve,19,21
952,whose,19,21
953,create,19,20
954,im,19,20
955,issues,19,20
956,known,19,20
957,man,19,20
958,numbers,19,20
959,represents,19,20
960,statistics,19,20
961,why,19,20
962,best,19,19
963,build,19,19
964,ci,19,19
965,contrast,19,19
966,driven,19,19
967,hand,19,19
968,manually,19,19
969,ones,19,19
970,processes,19,19
971,purposes,19,19
972,trends,19,19
973,tware,19,19
974,analyst,18,59
975,sys,18,35
976,distance,18,34
977,precision,18,33
978,location,18,31
979,queries,18,31
980,document,18,30
981,period,18,29
982,releases,18,29
983,representation,18,29
984,000,18,27
985,properties,18,27
986,directory,18,26
987,elds,18,26
988,view,18,26
989,life,18,25
990,deleted,18,23
991,sometimes,18,23
992,trees,18,22
993,41,18,21
994,german,18,21
995,message,18,21
996,operating,18,21
997,cations,18,20
998,comparison,18,20
999,describes,18,20
1000,lack,18,20
1001,obtained,18,20
1002,recent,18,20
1003,unit,18,20
1004,bottom,18,19
1005,comparing,18,19
1006,corresponding,18,19
1007,entire,18,19
1008,frequently,18,19
1009,issue,18,19
1010,quite,18,19
1011,represented,18,19
1012,role,18,19
1013,adding,18,18
1014,ber,18,18
1015,discuss,18,18
1016,ftware,18,18
1017,implemented,18,18
1018,larger,18,18
1019,oftware,18,18
1020,subject,18,18
1021,supertrace,18,18
1022,true,17,38
1023,netbsd,17,37
1024,definition,17,30
1025,snapshots,17,27
1026,45,17,24
1027,category,17,23
1028,decisions,17,21
1029,39,17,20
1030,define,17,20
1031,now,17,20
1032,differences,17,19
1033,includes,17,19
1034,programmer,17,19
1035,required,17,19
1036,almost,17,18
1037,defined,17,18
1038,investigate,17,18
1039,machine,17,18
1040,obtain,17,18
1041,person,17,18
1042,represent,17,18
1043,works,17,18
1044,1977,17,17
1045,discussion,17,17
1046,ge,17,17
1047,investigated,17,17
1048,methodology,17,17
1049,supports,17,17
1050,mr,16,63
1051,srs,16,36
1052,cepstrum,16,32
1053,dsu,16,32
1054,threshold,16,31
1055,trace,16,31
1056,mail,16,26
1057,ow,16,26
1058,libre,16,24
1059,33,16,23
1060,functionality,16,23
1061,word,16,23
1062,algorithms,16,21
1063,factors,16,21
1064,bodies,16,20
1065,free,16,20
1066,ments,16,20
1067,observation,16,20
1068,vsftpd,16,20
1069,archive,16,19
1070,correspond,16,19
1071,describing,16,19
1072,goals,16,19
1073,state,16,19
1074,34,16,18
1075,account,16,18
1076,behavior,16,18
1077,ca,16,18
1078,cross,16,18
1079,devel,16,18
1080,mined,16,18
1081,47,16,17
1082,actual,16,17
1083,basic,16,17
1084,fix,16,17
1085,gure,16,17
1086,infer,16,17
1087,steps,16,17
1088,close,16,16
1089,considering,16,16
1090,detected,16,16
1091,either,16,16
1092,evolve,16,16
1093,frequent,16,16
1094,importance,16,16
1095,making,16,16
1096,males,16,16
1097,ning,16,16
1098,lpc,15,39
1099,openbsd,15,36
1100,running,15,29
1101,struct,15,29
1102,defects,15,25
1103,snapshot,15,24
1104,core,15,22
1105,documents,15,22
1106,co,15,21
1107,oss,15,21
1108,tracing,15,21
1109,consistently,15,20
1110,correlation,15,20
1111,site,15,20
1112,tree,15,20
1113,55,15,19
1114,bsd,15,19
1115,edges,15,19
1116,followed,15,19
1117,principles,15,19
1118,record,15,19
1119,too,15,19
1120,xed,15,19
1121,along,15,18
1122,communities,15,18
1123,internal,15,18
1124,remove,15,18
1125,conclusion,15,17
1126,details,15,17
1127,erence,15,17
1128,having,15,17
1129,interest,15,17
1130,models,15,17
1131,records,15,17
1132,reveal,15,17
1133,bad,15,16
1134,computed,15,16
1135,eight,15,16
1136,experiment,15,16
1137,external,15,16
1138,infrastructure,15,16
1139,just,15,16
1140,take,15,16
1141,against,15,15
1142,built,15,15
1143,ce,15,15
1144,domain,15,15
1145,evaluation,15,15
1146,examine,15,15
1147,helps,15,15
1148,lintern,15,15
1149,necessary,15,15
1150,own,15,15
1151,taxonomy,15,15
1152,120,14,34
1153,covered,14,30
1154,matches,14,27
1155,series,14,26
1156,semantics,14,25
1157,similarities,14,25
1158,connected,14,23
1159,nitions,14,23
1160,transaction,14,23
1161,places,14,22
1162,september,14,22
1163,schema,14,21
1164,03,14,20
1165,answers,14,20
1166,exist,14,20
1167,request,14,19
1168,server,14,19
1169,successive,14,19
1170,years,14,19
1171,habits,14,18
1172,individual,14,18
1173,measurements,14,18
1174,overall,14,18
1175,coding,14,17
1176,end,14,17
1177,enough,14,17
1178,exists,14,17
1179,recognition,14,17
1180,textual,14,17
1181,42,14,16
1182,abstraction,14,16
1183,consists,14,16
1184,correlate,14,16
1185,gcc,14,16
1186,granularity,14,16
1187,interface,14,16
1188,looking,14,16
1189,occur,14,16
1190,selection,14,16
1191,technology,14,16
1192,wide,14,16
1193,classi,14,15
1194,cover,14,15
1195,early,14,15
1196,ect,14,15
1197,extracts,14,15
1198,hence,14,15
1199,major,14,15
1200,partial,14,15
1201,requests,14,15
1202,sion,14,15
1203,suggests,14,15
1204,trans,14,15
1205,until,14,15
1206,activity,14,14
1207,area,14,14
1208,asts,14,14
1209,building,14,14
1210,documentation,14,14
1211,due,14,14
1212,graphs,14,14
1213,hope,14,14
1214,little,14,14
1215,mation,14,14
1216,predict,14,14
1217,relative,14,14
1218,seen,14,14
1219,separate,14,14
1220,starting,14,14
1221,step,14,14
1222,th,14,14
1223,trying,14,14
1224,typical,14,14
1225,unfortunately,14,14
1226,yet,14,14
1227,you,13,43
1228,mrs,13,29
1229,freebsd,13,26
1230,actor,13,23
1231,analysts,13,22
1232,defect,13,21
1233,usage,13,21
1234,candidate,13,20
1235,snippets,13,20
1236,38,13,18
1237,messages,13,18
1238,points,13,18
1239,commit,13,17
1240,concepts,13,16
1241,modification,13,16
1242,string,13,16
1243,archives,13,15
1244,dataset,13,15
1245,effects,13,15
1246,extract,13,15
1247,find,13,15
1248,mockus,13,15
1249,others,13,15
1250,retrieval,13,15
1251,union,13,15
1252,accurate,13,14
1253,allowing,13,14
1254,automatic,13,14
1255,compare,13,14
1256,compute,13,14
1257,date,13,14
1258,ef,13,14
1259,expressed,13,14
1260,give,13,14
1261,introduce,13,14
1262,look,13,14
1263,nature,13,14
1264,overview,13,14
1265,resulting,13,14
1266,short,13,14
1267,statements,13,14
1268,syn,13,14
1269,ver,13,14
1270,additionally,13,13
1271,cally,13,13
1272,compared,13,13
1273,descriptors,13,13
1274,detecting,13,13
1275,especially,13,13
1276,examined,13,13
1277,initial,13,13
1278,ion,13,13
1279,lead,13,13
1280,learn,13,13
1281,never,13,13
1282,popular,13,13
1283,previously,13,13
1284,ries,13,13
1285,sions,13,13
1286,stable,13,13
1287,tween,13,13
1288,versus,13,13
1289,words166,13,13
1290,tests,12,37
1291,scs,12,29
1292,sigma,12,26
1293,false,12,24
1294,renamings,12,24
1295,subset,12,22
1296,sequence,12,21
1297,foo,12,20
1298,maps,12,20
1299,signatures,12,20
1300,public,12,19
1301,37,12,18
1302,meta,12,18
1303,updating,12,18
1304,loc,12,17
1305,mismatch,12,17
1306,primary,12,17
1307,assignments,12,16
1308,icsm,12,16
1309,lifetime,12,16
1310,practitioners,12,16
1311,procedure,12,16
1312,according,12,15
1313,eld,12,15
1314,modified,12,15
1315,signal,12,15
1316,sites,12,15
1317,strings,12,15
1318,achieve,12,14
1319,erences,12,14
1320,extracting,12,14
1321,parsing,12,14
1322,respectively,12,14
1323,46,12,13
1324,basis,12,13
1325,clear,12,13
1326,focused,12,13
1327,grouping,12,13
1328,idea,12,13
1329,informa,12,13
1330,measured,12,13
1331,organized,12,13
1332,os,12,13
1333,phase,12,13
1334,removed,12,13
1335,statistical,12,13
1336,typically,12,13
1337,updated,12,13
1338,write,12,13
1339,004,12,12
1340,675,12,12
1341,attempts,12,12
1342,bind,12,12
1343,cial,12,12
1344,decreasing,12,12
1345,dependency,12,12
1346,ective,12,12
1347,ensure,12,12
1348,evaluate,12,12
1349,evolved,12,12
1350,gineering,12,12
1351,ide,12,12
1352,infor,12,12
1353,ltering,12,12
1354,manual,12,12
1355,note,12,12
1356,recorded,12,12
1357,similarly,12,12
1358,solve,12,12
1359,st,12,12
1360,taken,12,12
1361,widely,12,12
1362,zero,12,12
1363,awb,11,24
1364,dence,11,24
1365,axis,11,21
1366,dirent,11,20
1367,roles,11,20
1368,warnings,11,20
1369,labelled,11,19
1370,ii,11,18
1371,smell,11,18
1372,u,11,18
1373,peripheral,11,17
1374,calculated,11,16
1375,consistent,11,16
1376,whole,11,16
1377,500,11,15
1378,addresses,11,15
1379,architecture,11,15
1380,market,11,15
1381,52,11,14
1382,79,11,14
1383,differencing,11,14
1384,difficult,11,14
1385,implications,11,14
1386,interactions,11,14
1387,limitations,11,14
1388,nition,11,14
1389,platform,11,14
1390,products,11,14
1391,views,11,14
1392,assigned,11,13
1393,assumption,11,13
1394,codebase,11,13
1395,comparable,11,13
1396,complexity,11,13
1397,errors,11,13
1398,fischer,11,13
1399,intent,11,13
1400,interaction,11,13
1401,murphy,11,13
1402,op,11,13
1403,rule,11,13
1404,sb,11,13
1405,293,11,12
1406,appear,11,12
1407,appropriate,11,12
1408,assume,11,12
1409,commits,11,12
1410,computing,11,12
1411,cost,11,12
1412,department,11,12
1413,evolutionary,11,12
1414,evolving,11,12
1415,facts,11,12
1416,improving,11,12
1417,intended,11,12
1418,journal,11,12
1419,makes,11,12
1420,missing,11,12
1421,needed,11,12
1422,none,11,12
1423,performing,11,12
1424,pinzger,11,12
1425,place,11,12
1426,sql,11,12
1427,studied,11,12
1428,success,11,12
1429,technical,11,12
1430,update,11,12
1431,acknowledgments,11,11
1432,actually,11,11
1433,aim,11,11
1434,base,11,11
1435,beyond,11,11
1436,cantly,11,11
1437,checked,11,11
1438,discovery,11,11
1439,ent,11,11
1440,expect,11,11
1441,industrial,11,11
1442,ings,11,11
1443,instead,11,11
1444,ity,11,11
1445,keep,11,11
1446,left,11,11
1447,limited,11,11
1448,listed,11,11
1449,maintain,11,11
1450,mechanism,11,11
1451,natural,11,11
1452,neering,11,11
1453,num,11,11
1454,opportunity,11,11
1455,plan,11,11
1456,pose,11,11
1457,refer,11,11
1458,relation,11,11
1459,ring,11,11
1460,roughly,11,11
1461,spurious,11,11
1462,structures,11,11
1463,sub,11,11
1464,submit,11,11
1465,tem,11,11
1466,themselves,11,11
1467,towards,11,11
1468,visualize,11,11
1469,cepstra,10,28
1470,websites,10,28
1471,array,10,27
1472,todo,10,27
1473,flow,10,23
1474,pointer,10,21
1475,identity,10,19
1476,88,10,17
1477,z,10,17
1478,computation,10,16
1479,length,10,16
1480,merging,10,16
1481,pam,10,15
1482,representations,10,15
1483,actors,10,14
1484,characteristic,10,14
1485,position,10,14
1486,seconds,10,14
1487,cloning,10,13
1488,detail,10,13
1489,items,10,13
1490,pilot,10,13
1491,play,10,13
1492,scripts,10,13
1493,sec,10,13
1494,spots,10,13
1495,ss,10,13
1496,temporal,10,13
1497,02,10,12
1498,artifact,10,12
1499,conducted,10,12
1500,hypothesis,10,12
1501,identical,10,12
1502,layout,10,12
1503,ndings,10,12
1504,paste,10,12
1505,practices,10,12
1506,retrieved,10,12
1507,sr,10,12
1508,structurally,10,12
1509,technologies,10,12
1510,tend,10,12
1511,variant,10,12
1512,caused,10,11
1513,equal,10,11
1514,institute,10,11
1515,july,10,11
1516,march,10,11
1517,middle,10,11
1518,months,10,11
1519,notion,10,11
1520,onto,10,11
1521,opportunities,10,11
1522,people,10,11
1523,put,10,11
1524,range,10,11
1525,recently,10,11
1526,run,10,11
1527,taking,10,11
1528,token,10,11
1529,try,10,11
1530,vertices,10,11
1531,35,10,10
1532,ample,10,10
1533,annotations,10,10
1534,bijection,10,10
1535,ble,10,10
1536,challenges,10,10
1537,cient,10,10
1538,cur,10,10
1539,dec,10,10
1540,efforts,10,10
1541,ering,10,10
1542,explore,10,10
1543,extractor,10,10
1544,gram,10,10
1545,ies,10,10
1546,improved,10,10
1547,increase,10,10
1548,increasing,10,10
1549,insight,10,10
1550,inspection,10,10
1551,light,10,10
1552,manner,10,10
1553,mean,10,10
1554,necessarily,10,10
1555,ns,10,10
1556,nt,10,10
1557,observe,10,10
1558,planning,10,10
1559,predicting,10,10
1560,proach,10,10
1561,rarely,10,10
1562,reasons,10,10
1563,representing,10,10
1564,right,10,10
1565,sense,10,10
1566,share,10,10
1567,sim,10,10
1568,standard,10,10
1569,storage,10,10
1570,strongly,10,10
1571,topological,10,10
1572,genealogies,9,27
1573,141,9,23
1574,copied,9,22
1575,subversion,9,20
1576,recurrent,9,19
1577,scql,9,19
1578,joan,9,18
1579,sue,9,18
1580,day,9,16
1581,gqm,9,15
1582,read,9,15
1583,1997,9,14
1584,branch,9,14
1585,detectors,9,14
1586,parameters,9,14
1587,veri,9,14
1588,111,9,13
1589,assess,9,13
1590,concern,9,13
1591,databases,9,13
1592,distinct,9,13
1593,assessment,9,12
1594,correct,9,12
1595,cubrani,9,12
1596,degree,9,12
1597,derived,9,12
1598,dmaic,9,12
1599,face,9,12
1600,logic,9,12
1601,searching,9,12
1602,week,9,12
1603,183,9,11
1604,active,9,11
1605,again,9,11
1606,candidates,9,11
1607,chosen,9,11
1608,classify,9,11
1609,delete,9,11
1610,demonstrated,9,11
1611,dimensions,9,11
1612,entry,9,11
1613,implies,9,11
1614,indeed,9,11
1615,parallel,9,11
1616,rate,9,11
1617,rs,9,11
1618,safe,9,11
1619,begin,9,10
1620,calls,9,10
1621,ccfinder,9,10
1622,cm,9,10
1623,constraints,9,10
1624,depicted,9,10
1625,en,9,10
1626,entries,9,10
1627,expected,9,10
1628,her,9,10
1629,ine,9,10
1630,informal,9,10
1631,national,9,10
1632,opment,9,10
1633,predictive,9,10
1634,publicly,9,10
1635,sum,9,10
1636,takes,9,10
1637,vari,9,10
1638,2nd,9,9
1639,95,9,9
1640,ability,9,9
1641,appears,9,9
1642,areas,9,9
1643,assist,9,9
1644,authorship,9,9
1645,captured,9,9
1646,characterize,9,9
1647,cleaning,9,9
1648,concerned,9,9
1649,contribute,9,9
1650,difference,9,9
1651,discover,9,9
1652,discovered,9,9
1653,eering,9,9
1654,effective,9,9
1655,enables,9,9
1656,estimate,9,9
1657,exchange,9,9
1658,exhibit,9,9
1659,explored,9,9
1660,extent,9,9
1661,focuses,9,9
1662,follow,9,9
1663,formance,9,9
1664,fowler,9,9
1665,getting,9,9
1666,gh,9,9
1667,greater,9,9
1668,hidden,9,9
1669,illustrate,9,9
1670,ineering,9,9
1671,liu,9,9
1672,maryland,9,9
1673,matter,9,9
1674,million,9,9
1675,modify,9,9
1676,multi,9,9
1677,nce,9,9
1678,ngineering,9,9
1679,notes,9,9
1680,novel,9,9
1681,objective,9,9
1682,ple,9,9
1683,preserving,9,9
1684,principle,9,9
1685,propagation,9,9
1686,prototype,9,9
1687,quickly,9,9
1688,reduce,9,9
1689,revealed,9,9
1690,seem,9,9
1691,serve,9,9
1692,stronger,9,9
1693,un,9,9
1694,underlying,9,9
1695,validate,9,9
1696,velopment,9,9
1697,visualizing,9,9
1698,vs,9,9
1699,211,8,24
1700,stackexchange,8,22
1701,snippet,8,20
1702,softchange,8,19
1703,400,8,18
1704,map,8,18
1705,ordering,8,18
1706,pdf,8,17
1707,pmd,8,16
1708,coefficients,8,15
1709,persons,8,15
1710,review,8,15
1711,bar,8,14
1712,globalnamemap,8,14
1713,localnamemap,8,14
1714,marmoset,8,14
1715,prototypes,8,14
1716,void,8,14
1717,dead,8,13
1718,forge,8,13
1719,path,8,13
1720,violations,8,13
1721,300,8,12
1722,age,8,12
1723,duplication,8,12
1724,exception,8,12
1725,graphmania,8,12
1726,ideal,8,12
1727,occurs,8,12
1728,production,8,12
1729,54,8,11
1730,academic,8,11
1731,affect,8,11
1732,central,8,11
1733,component,8,11
1734,criteria,8,11
1735,debug,8,11
1736,heuristic,8,11
1737,hot,8,11
1738,occurred,8,11
1739,percentage,8,11
1740,tertiary,8,11
1741,trend,8,11
1742,writing,8,11
1743,baz,8,10
1744,ch,8,10
1745,cognitive,8,10
1746,costs,8,10
1747,enums,8,10
1748,evolvability,8,10
1749,exam,8,10
1750,filtering,8,10
1751,format,8,10
1752,gnu,8,10
1753,implementing,8,10
1754,mappings,8,10
1755,memory,8,10
1756,papers,8,10
1757,presence,8,10
1758,purpose,8,10
1759,raw,8,10
1760,regions,8,10
1761,scope,8,10
1762,sept,8,10
1763,signals,8,10
1764,1996,8,9
1765,48,8,9
1766,canada,8,9
1767,components,8,9
1768,cycle,8,9
1769,decision,8,9
1770,dimension,8,9
1771,discussions,8,9
1772,down,8,9
1773,equivalent,8,9
1774,estimation,8,9
1775,five,8,9
1776,formal,8,9
1777,highly,8,9
1778,mapping,8,9
1779,meaning,8,9
1780,member,8,9
1781,noted,8,9
1782,origins,8,9
1783,productivity,8,9
1784,relations,8,9
1785,resources,8,9
1786,sections,8,9
1787,subsequent,8,9
1788,suggested,8,9
1789,theory,8,9
1790,visualizations,8,9
1791,wrote,8,9
1792,1994,8,8
1793,43,8,8
1794,accurately,8,8
1795,action,8,8
1796,ad,8,8
1797,addressed,8,8
1798,automating,8,8
1799,brie,8,8
1800,broad,8,8
1801,ceedings,8,8
1802,ciently,8,8
1803,concerns,8,8
1804,containing,8,8
1805,contributions,8,8
1806,counter,8,8
1807,denotes,8,8
1808,der,8,8
1809,dis,8,8
1810,draw,8,8
1811,embedded,8,8
1812,evolves,8,8
1813,experiences,8,8
1814,experimental,8,8
1815,experiments,8,8
1816,facilitate,8,8
1817,foundation,8,8
1818,furthermore,8,8
1819,generally,8,8
1820,ges,8,8
1821,grams,8,8
1822,great,8,8
1823,hassan,8,8
1824,itself,8,8
1825,located,8,8
1826,lot,8,8
1827,maintained,8,8
1828,manage,8,8
1829,marked,8,8
1830,medium,8,8
1831,nor,8,8
1832,perspective,8,8
1833,practical,8,8
1834,prefer,8,8
1835,prove,8,8
1836,reference,8,8
1837,root,8,8
1838,script,8,8
1839,sf,8,8
1840,sigma6_body,8,8
1841,sis,8,8
1842,split,8,8
1843,summarize,8,8
1844,surprising,8,8
1845,tp,8,8
1846,ty,8,8
1847,typedefs,8,8
1848,upon,8,8
1849,vary,8,8
1850,visible,8,8
1851,volume,8,8
1852,whereas,8,8
1853,ysis,8,8
1854,200,7,19
1855,username,7,17
1856,modifier,7,16
1857,scrum,7,16
1858,conditionally,7,15
1859,renamed,7,15
1860,600,7,13
1861,carol,7,13
1862,44,7,12
1863,detector,7,12
1864,distortion,7,12
1865,dnsjava,7,12
1866,your,7,12
1867,beginpaint,7,11
1868,grouped,7,11
1869,occurrence,7,11
1870,origin,7,11
1871,robles,7,11
1872,splitting,7,11
1873,stackover,7,11
1874,submission,7,11
1875,assignment,7,10
1876,association,7,10
1877,char,7,10
1878,editing,7,10
1879,endpaint,7,10
1880,fixed,7,10
1881,imagefetcher,7,10
1882,implicit,7,10
1883,jp,7,10
1884,move,7,10
1885,positives,7,10
1886,vol,7,10
1887,81,7,9
1888,api,7,9
1889,awareness,7,9
1890,conditional,7,9
1891,doing,7,9
1892,happens,7,9
1893,involve,7,9
1894,lineages,7,9
1895,manufacturing,7,9
1896,mod,7,9
1897,plots,7,9
1898,posted,7,9
1899,solution,7,9
1900,stack,7,9
1901,stop,7,9
1902,thank,7,9
1903,viewing,7,9
1904,weight,7,9
1905,10th,7,8
1906,25th,7,8
1907,51,7,8
1908,au,7,8
1909,aware,7,8
1910,become,7,8
1911,binary,7,8
1912,combined,7,8
1913,concerning,7,8
1914,conventional,7,8
1915,demeyer,7,8
1916,directed,7,8
1917,distributions,7,8
1918,effectiveness,7,8
1919,element,7,8
1920,enable,7,8
1921,enhancement,7,8
1922,european,7,8
1923,exceptions,7,8
1924,expertise,7,8
1925,feb,7,8
1926,fine,7,8
1927,generate,7,8
1928,gnome,7,8
1929,iden,7,8
1930,indicated,7,8
1931,interact,7,8
1932,interfaces,7,8
1933,kishida,7,8
1934,manager,7,8
1935,maximum,7,8
1936,refactored,7,8
1937,regular,7,8
1938,relating,7,8
1939,requiring,7,8
1940,researcher,7,8
1941,schneider,7,8
1942,strength,7,8
1943,structural,7,8
1944,survey,7,8
1945,think,7,8
1946,traditional,7,8
1947,visual,7,8
1948,visualized,7,8
1949,ye,7,8
1950,01,7,7
1951,166,7,7
1952,250,7,7
1953,336,7,7
1954,6th,7,7
1955,adopted,7,7
1956,answered,7,7
1957,answering,7,7
1958,apr,7,7
1959,asked,7,7
1960,aspect,7,7
1961,assuming,7,7
1962,attempt,7,7
1963,ay,7,7
1964,besides,7,7
1965,break,7,7
1966,center,7,7
1967,challenge,7,7
1968,challenging,7,7
1969,closed,7,7
1970,combination,7,7
1971,constructed,7,7
1972,debugging,7,7
1973,demonstrate,7,7
1974,dent,7,7
1975,direct,7,7
1976,ectiveness,7,7
1977,ence,7,7
1978,evaluated,7,7
1979,ever,7,7
1980,exactly,7,7
1981,execution,7,7
1982,explain,7,7
1983,extend,7,7
1984,extension,7,7
1985,extreme,7,7
1986,fast,7,7
1987,february,7,7
1988,fewer,7,7
1989,formation,7,7
1990,fully,7,7
1991,gather,7,7
1992,gender,7,7
1993,guidelines,7,7
1994,handle,7,7
1995,handling,7,7
1996,helpful,7,7
1997,highlight,7,7
1998,image,7,7
1999,independent,7,7
2000,indicating,7,7
2001,inferred,7,7
2002,inform,7,7
2003,ining,7,7
2004,inspected,7,7
2005,investigation,7,7
2006,ions,7,7
2007,iv,7,7
2008,jackson,7,7
2009,kamiya,7,7
2010,lan,7,7
2011,library,7,7
2012,lpp,7,7
2013,lution,7,7
2014,mainly,7,7
2015,matched,7,7
2016,mature,7,7
2017,measuring,7,7
2018,min,7,7
2019,missed,7,7
2020,nally,7,7
2021,near,7,7
2022,november,7,7
2023,ongoing,7,7
2024,oper,7,7
2025,organizational,7,7
2026,participating,7,7
2027,participation,7,7
2028,picture,7,7
2029,portion,7,7
2030,possibly,7,7
2031,profit,7,7
2032,proposes,7,7
2033,proximity,7,7
2034,rationale,7,7
2035,recover,7,7
2036,reducing,7,7
2037,reengineering,7,7
2038,rely,7,7
2039,rence,7,7
2040,rent,7,7
2041,reuse,7,7
2042,richer,7,7
2043,seems,7,7
2044,selecting,7,7
2045,shared,7,7
2046,sharing,7,7
2047,significant,7,7
2048,solutions,7,7
2049,something,7,7
2050,spent,7,7
2051,sr1,7,7
2052,stages,7,7
2053,stroulia,7,7
2054,structured,7,7
2055,style,7,7
2056,ta,7,7
2057,target,7,7
2058,thing,7,7
2059,tories,7,7
2060,ture,7,7
2061,twice,7,7
2062,varying,7,7
2063,whenever,7,7
2064,window,7,7
2065,world,7,7
2066,worth,7,7
2067,133,6,27
2068,src,6,25
2069,python,6,24
2070,y1,6,22
2071,y2,6,22
2072,tag,6,17
2073,160,6,16
2074,else,6,15
2075,hipikat,6,15
2076,ra,6,14
2077,hack,6,13
2078,ruby,6,13
2079,homepage,6,12
2080,sequences,6,12
2081,t1,6,12
2082,customer,6,11
2083,findbugs,6,11
2084,normalized,6,11
2085,barahona,6,10
2086,becomes,6,10
2087,final,6,10
2088,lineage,6,10
2089,warning,6,10
2090,wise,6,10
2091,basket,6,9
2092,nn,6,9
2093,privacy,6,9
2094,subjects,6,9
2095,workers,6,9
2096,affected,6,8
2097,ag,6,8
2098,density,6,8
2099,df,6,8
2100,euclidean,6,8
2101,lexical,6,8
2102,proportion,6,8
2103,tags,6,8
2104,template,6,8
2105,105,6,7
2106,2014,6,7
2107,53,6,7
2108,97,6,7
2109,architectures,6,7
2110,assessing,6,7
2111,came,6,7
2112,compiler,6,7
2113,comprehensive,6,7
2114,continuous,6,7
2115,converted,6,7
2116,datasets,6,7
2117,decide,6,7
2118,declaration,6,7
2119,descriptive,6,7
2120,direction,6,7
2121,discovering,6,7
2122,documented,6,7
2123,duplicated,6,7
2124,excluded,6,7
2125,formally,6,7
2126,gutwin,6,7
2127,header,6,7
2128,identification,6,7
2129,induce,6,7
2130,input,6,7
2131,item,6,7
2132,joint,6,7
2133,managers,6,7
2134,organization,6,7
2135,paths,6,7
2136,perl,6,7
2137,phenomena,6,7
2138,proven,6,7
2139,referenced,6,7
2140,referred,6,7
2141,remaining,6,7
2142,senior,6,7
2143,sensible,6,7
2144,sizes,6,7
2145,smith,6,7
2146,specifically,6,7
2147,viewer,6,7
2148,wcre,6,7
2149,white,6,7
2150,xml,6,7
2151,108,6,6
2152,109,6,6
2153,664,6,6
2154,89,6,6
2155,achieved,6,6
2156,ages,6,6
2157,agged,6,6
2158,aggregate,6,6
2159,asking,6,6
2160,associate,6,6
2161,ated,6,6
2162,ational,6,6
2163,ations,6,6
2164,cal,6,6
2165,california,6,6
2166,cd,6,6
2167,cil,6,6
2168,cmmi,6,6
2169,cohesion,6,6
2170,collecting,6,6
2171,compact,6,6
2172,comparative,6,6
2173,compatibility,6,6
2174,compiled,6,6
2175,concurrent,6,6
2176,conduct,6,6
2177,continue,6,6
2178,cooperative,6,6
2179,counts,6,6
2180,critical,6,6
2181,dates,6,6
2182,declarations,6,6
2183,dele,6,6
2184,determining,6,6
2185,difficulties,6,6
2186,dings,6,6
2187,divided,6,6
2188,empty,6,6
2189,environment,6,6
2190,ernational,6,6
2191,ersion,6,6
2192,evaluating,6,6
2193,exact,6,6
2194,examining,6,6
2195,expert,6,6
2196,explains,6,6
2197,exploration,6,6
2198,exploring,6,6
2199,extractors,6,6
2200,factor,6,6
2201,familiarity,6,6
2202,ference,6,6
2203,fixes,6,6
2204,formals,6,6
2205,frequencies,6,6
2206,front,6,6
2207,fundamental,6,6
2208,generation,6,6
2209,gle,6,6
2210,gs,6,6
2211,hierarchy,6,6
2212,hu,6,6
2213,implement,6,6
2214,increased,6,6
2215,index,6,6
2216,indication,6,6
2217,inoue,6,6
2218,introduces,6,6
2219,invoked,6,6
2220,ional,6,6
2221,jun,6,6
2222,knowing,6,6
2223,ladd,6,6
2224,late,6,6
2225,leave,6,6
2226,lecture,6,6
2227,locals,6,6
2228,locating,6,6
2229,looked,6,6
2230,lower,6,6
2231,maintaining,6,6
2232,majority,6,6
2233,matsumoto,6,6
2234,michael,6,6
2235,ming,6,6
2236,mostly,6,6
2237,motion,6,6
2238,naming,6,6
2239,nds,6,6
2240,nealogy,6,6
2241,negative,6,6
2242,neither,6,6
2243,nference,6,6
2244,ngs,6,6
2245,nternational,6,6
2246,oc,6,6
2247,oct,6,6
2248,onal,6,6
2249,onference,6,6
2250,ons,6,6
2251,operations,6,6
2252,opposite,6,6
2253,ories,6,6
2254,ort,6,6
2255,outlines,6,6
2256,overhead,6,6
2257,pe,6,6
2258,pertinent,6,6
2259,phenomenon,6,6
2260,physical,6,6
2261,pointers,6,6
2262,poor,6,6
2263,populating,6,6
2264,processed,6,6
2265,ram,6,6
2266,ratio,6,6
2267,recommendations,6,6
2268,regression,6,6
2269,relate,6,6
2270,removal,6,6
2271,repeated,6,6
2272,rnational,6,6
2273,rsion,6,6
2274,seeking,6,6
2275,sei,6,6
2276,serves,6,6
2277,sible,6,6
2278,sign,6,6
2279,signed,6,6
2280,simply,6,6
2281,sin,6,6
2282,situation,6,6
2283,sliding,6,6
2284,solving,6,6
2285,spend,6,6
2286,start,6,6
2287,stops,6,6
2288,stories,6,6
2289,stu,6,6
2290,successful,6,6
2291,successfully,6,6
2292,suitable,6,6
2293,sults,6,6
2294,sure,6,6
2295,syntactically,6,6
2296,tech,6,6
2297,ted,6,6
2298,ternational,6,6
2299,thesis,6,6
2300,throughout,6,6
2301,tional,6,6
2302,today,6,6
2303,topics,6,6
2304,traverse,6,6
2305,validation,6,6
2306,van,6,6
2307,wealth,6,6
2308,website,6,6
2309,locally,5,20
2310,153,5,18
2311,159,5,18
2312,157,5,17
2313,213,5,16
2314,heap,5,16
2315,unfactorable,5,16
2316,221,5,15
2317,creole,5,15
2318,og,5,14
2319,primitive,5,14
2320,ecr,5,13
2321,centrality,5,12
2322,dumps,5,12
2323,ief,5,12
2324,152,5,11
2325,aa,5,11
2326,column,5,11
2327,ct,5,11
2328,f2,5,11
2329,130,5,10
2330,140,5,10
2331,2015,5,10
2332,bb,5,10
2333,cc,5,10
2334,nov,5,10
2335,traces,5,10
2336,800,5,9
2337,d1,5,9
2338,ee,5,9
2339,gonzalez,5,9
2340,grading,5,9
2341,ll,5,9
2342,say,5,9
2343,umd,5,9
2344,viewed,5,9
2345,academics,5,8
2346,bottlenecks,5,8
2347,cast,5,8
2348,diversity,5,8
2349,evolens,5,8
2350,forges,5,8
2351,ir,5,8
2352,mark,5,8
2353,perry,5,8
2354,predicate,5,8
2355,prevalence,5,8
2356,rhdb,5,8
2357,she,5,8
2358,subsets,5,8
2359,700,5,7
2360,categorization,5,7
2361,characters,5,7
2362,client,5,7
2363,condition,5,7
2364,convention,5,7
2365,december,5,7
2366,dept,5,7
2367,editor,5,7
2368,encounter,5,7
2369,failed,5,7
2370,gathered,5,7
2371,horwitz,5,7
2372,lean,5,7
2373,miss,5,7
2374,navigation,5,7
2375,passed,5,7
2376,recovery,5,7
2377,refac,5,7
2378,remains,5,7
2379,requirement,5,7
2380,sampling,5,7
2381,secondary,5,7
2382,sr4,5,7
2383,strategy,5,7
2384,typedef,5,7
2385,ww,5,7
2386,2011,5,6
2387,ana,5,6
2388,annotate,5,6
2389,applies,5,6
2390,argument,5,6
2391,briand,5,6
2392,closely,5,6
2393,collard,5,6
2394,command,5,6
2395,conditions,5,6
2396,cruz,5,6
2397,culty,5,6
2398,da,5,6
2399,deemed,5,6
2400,deletes,5,6
2401,difficulty,5,6
2402,directories,5,6
2403,drawn,5,6
2404,dump,5,6
2405,fat12,5,6
2406,filter,5,6
2407,forms,5,6
2408,go,5,6
2409,grain,5,6
2410,heapalloc,5,6
2411,highest,5,6
2412,ideas,5,6
2413,inverse,5,6
2414,legitimate,5,6
2415,license,5,6
2416,linked,5,6
2417,mea,5,6
2418,naist,5,6
2419,occurrences,5,6
2420,predictors,5,6
2421,reproducible,5,6
2422,restructuring,5,6
2423,school,5,6
2424,scss,5,6
2425,self,5,6
2426,silva,5,6
2427,soares,5,6
2428,sr2,5,6
2429,storey,5,6
2430,strategies,5,6
2431,ter,5,6
2432,theories,5,6
2433,tics,5,6
2434,variance,5,6
2435,003,5,5
2436,194,5,5
2437,197,5,5
2438,284,5,5
2439,317,5,5
2440,49,5,5
2441,8th,5,5
2442,91,5,5
2443,94,5,5
2444,ab,5,5
2445,acceptance,5,5
2446,adopt,5,5
2447,advanced,5,5
2448,affecting,5,5
2449,aid,5,5
2450,ally,5,5
2451,alternative,5,5
2452,alternatives,5,5
2453,alysis,5,5
2454,annotation,5,5
2455,anonymized,5,5
2456,anyone,5,5
2457,ar,5,5
2458,argue,5,5
2459,arti,5,5
2460,assign,5,5
2461,assurance,5,5
2462,august,5,5
2463,begins,5,5
2464,behaviour,5,5
2465,bit,5,5
2466,branches,5,5
2467,business,5,5
2468,capture,5,5
2469,casts,5,5
2470,categorize,5,5
2471,causes,5,5
2472,certainly,5,5
2473,changelog,5,5
2474,characterized,5,5
2475,checking,5,5
2476,choices,5,5
2477,chose,5,5
2478,clearly,5,5
2479,closer,5,5
2480,clustering,5,5
2481,collects,5,5
2482,conclude,5,5
2483,conservative,5,5
2484,consist,5,5
2485,consisting,5,5
2486,constant,5,5
2487,content,5,5
2488,continually,5,5
2489,correlates,5,5
2490,creation,5,5
2491,den,5,5
2492,depending,5,5
2493,depends,5,5
2494,derive,5,5
2495,desired,5,5
2496,despite,5,5
2497,determined,5,5
2498,displays,5,5
2499,don,5,5
2500,download,5,5
2501,ds,5,5
2502,dynamically,5,5
2503,ects,5,5
2504,edings,5,5
2505,education,5,5
2506,educational,5,5
2507,eedings,5,5
2508,effect,5,5
2509,effectively,5,5
2510,emails,5,5
2511,employ,5,5
2512,engineer,5,5
2513,ensures,5,5
2514,establish,5,5
2515,events,5,5
2516,evo,5,5
2517,evolutions,5,5
2518,existence,5,5
2519,extended,5,5
2520,fall,5,5
2521,familiar,5,5
2522,feel,5,5
2523,ful,5,5
2524,gain,5,5
2525,gated,5,5
2526,grammers,5,5
2527,graves,5,5
2528,guages,5,5
2529,guration,5,5
2530,happen,5,5
2531,hat,5,5
2532,heavily,5,5
2533,helping,5,5
2534,hindle,5,5
2535,holt,5,5
2536,ical,5,5
2537,identifiable,5,5
2538,impacts,5,5
2539,import,5,5
2540,impose,5,5
2541,improvements,5,5
2542,improves,5,5
2543,inaccurate,5,5
2544,incremental,5,5
2545,indexing,5,5
2546,inferring,5,5
2547,investigating,5,5
2548,ith,5,5
2549,largest,5,5
2550,lifecycle,5,5
2551,linking,5,5
2552,lo,5,5
2553,lowing,5,5
2554,ly,5,5
2555,lysis,5,5
2556,mber,5,5
2557,met,5,5
2558,minute,5,5
2559,minutes,5,5
2560,mis,5,5
2561,mo,5,5
2562,modifying,5,5
2563,modis,5,5
2564,moreover,5,5
2565,motivation,5,5
2566,myers,5,5
2567,nalysis,5,5
2568,nevertheless,5,5
2569,nges,5,5
2570,observations,5,5
2571,obvious,5,5
2572,oceedings,5,5
2573,operate,5,5
2574,operation,5,5
2575,operators,5,5
2576,opers,5,5
2577,orts,5,5
2578,ous,5,5
2579,outline,5,5
2580,outlining,5,5
2581,packages,5,5
2582,paired,5,5
2583,parse,5,5
2584,partially,5,5
2585,perceived,5,5
2586,please,5,5
2587,plied,5,5
2588,portland,5,5
2589,proprietary,5,5
2590,publication,5,5
2591,raghavan,5,5
2592,rapidly,5,5
2593,reasonable,5,5
2594,regarding,5,5
2595,reliable,5,5
2596,remainder,5,5
2597,renam,5,5
2598,rep,5,5
2599,reposito,5,5
2600,representative,5,5
2601,reside,5,5
2602,resolved,5,5
2603,resource,5,5
2604,retrieve,5,5
2605,rey,5,5
2606,rmed,5,5
2607,roceedings,5,5
2608,runs,5,5
2609,sample,5,5
2610,shed,5,5
2611,sity,5,5
2612,smaller,5,5
2613,spectral,5,5
2614,spot,5,5
2615,sr3,5,5
2616,storing,5,5
2617,succeed,5,5
2618,sur,5,5
2619,tems,5,5
2620,topic,5,5
2621,tory,5,5
2622,traceable,5,5
2623,traversal,5,5
2624,ttp,5,5
2625,umber,5,5
2626,unix,5,5
2627,usefully,5,5
2628,vague,5,5
2629,valid,5,5
2630,validity,5,5
2631,verify,5,5
2632,versioning,5,5
2633,windows,5,5
2634,words30,5,5
2635,worked,5,5
2636,yields,5,5
2637,ying,5,5
